INSERT INTO PENGGUNA(email,password,nama,alamat_lengkap) VALUES
('fvon0@baidu.com','w0YU7tvla','Fae Von Welden','65 Algoma Point'),
('ssmales1@yahoo.com','35vBYfJh','Sheppard Smales','6 Esker Court'),
('apicardo2@arstechnica.com','3DPqHN71','Arnaldo Picardo','3069 Del Sol Parkway'),
('cduns3@hud.gov','FBOQ6h','Claire Duns','6052 Gateway Lane'),
('hwinsborrow4@hostgator.com','7VgOp0Jv','Hendrik Winsborrow','93 Canary Terrace'),
('rmarlen5@ucoz.ru','H4cTN3Q4C2','Rozamond Marlen','44 Caliangt Avenue'),
('aseven6@spiegel.de','QLKFfzQZGd','Ardyth Seven','53424 Dottie Crossing'),
('tlomis7@a8.net','0OxlP04cB9','Trstram Lomis','70382 Stang Court'),
('adooney8@bbc.co.uk','obNTuW7i3','Ax Dooney','1661 Rieder Park'),
('ddozdill9@deviantart.com','rujUd84jmEaF','Dolores Dozdill','7 Mendota Way'),
('sforsta@java.com','zU5YNxEkA89C','Shawnee Forst','003 Jenifer Place'),
('jriddingb@hp.com','sBGKjRpMYZXk','Jada Ridding','96233 Rusk Alley'),
('rbasshamc@wufoo.com','QwNTt6dj','Rosalind Bassham','9433 Loftsgordon Hill'),
('acorbied@youku.com','myldtulhw','Alexandros Corbie','1 Sugar Lane'),
('edussye@meetup.com','7jOetW','Evonne Dussy','3 Shoshone Drive'),
('dspratleyf@goodreads.com','FWspcbj','Denis Spratley','9645 Rusk Parkway'),
('hwegmang@ning.com','6xThwVdLu','Hube Wegman','4 Scoville Drive'),
('equantrillh@ed.gov','JXKLP9d','Elva Quantrill','4334 Cherokee Street'),
('dingsi@live.com','8QpAQnjmFLCN','Damien Ings','081 Doe Crossing Park'),
('tjarayj@yahoo.com','682Nga6','Trix Jaray','46 Veith Place'),
('tbrawleyk@answers.com','TVqf7QOE','Tana Brawley','610 Killdeer Park'),
('plurnerl@google.pl','xu1oqSYVv','Penelopa Lurner','0 Hayes Road'),
('iweathersm@about.me','1EbbsSWlZfHa','Ilysa Weathers','0091 Monica Way'),
('halesbrookn@blogtalkradio.com','bxy8K1h6PP','Huntington Alesbrook','5613 Kensington Way'),
('rmaltero@wired.com','DT2zjgY3K','Rosabel Malter','062 Lotheville Avenue'),
('slillicropp@nationalgeographic.com','XXZrcfEAP','Shay Lillicrop','6 Claremont Parkway'),
('kreeveleyq@thetimes.co.uk','HCVSQM1BItw','Kalle Reeveley','3742 Vahlen Parkway'),
('eobeer@4shared.com','PLwTBSwYA','Earle Obee','641 Del Sol Place'),
('gcurnnokks@unicef.org','mL1NZg4n','Glenda Curnnokk','93022 Loeprich Street'),
('mtilberryt@tiny.cc','3BhW2HOGoeI','Marta Tilberry','61516 Shoshone Way'),
('mpennoneu@tinypic.com','3ULt9AcJnxe','Manda Pennone','2895 Hoepker Trail'),
('mmccabev@opensource.org','gjMEzWmO','Manya McCabe','16354 American Hill'),
('bjoynerw@godaddy.com','c0PY38z','Bale Joyner','9 La Follette Street'),
('bbuckhamx@wikia.com','VLmjoAJ04F','Britney Buckham','864 Cambridge Pass'),
('bedony@posterous.com','ogR9kQ','Bradford Edon','34 Birchwood Center'),
('kbartoliniz@domainmarket.com','Dv5nu3','Kellia Bartolini','941 Toban Hill'),
('kmaundrell10@sbwire.com','V2ahuOG','Kathy Maundrell','1 Pierstorff Terrace'),
('vlomax11@1688.com','efg0n5ci','Veronike Lomax','72 Fairfield Circle'),
('titzcovich12@gov.uk','Qvr7873BNV','Tiena Itzcovich','39 Dorton Place'),
('brimbault13@free.fr','1KAGopa','Brigham Rimbault','4 Brentwood Road'),
('ktrim14@statcounter.com','h0C465P0','Kailey Trim','8785 Bultman Lane'),
('ebrisseau15@com.com','d5oy82Gcl8','Ethel Brisseau','6675 John Wall Court'),
('dbedin16@nyu.edu','D79U54C3ne','Dennie Bedin','2614 Cottonwood Park'),
('webanks17@moonfruit.com','yGpMk2mPB0p','Werner Ebanks','60549 Dexter Place'),
('tlohan18@shutterfly.com','RNK88SsTj5Qq','Thorndike Lohan','58829 Shopko Point'),
('ajeannesson19@meetup.com','yZbHq3','Ardra Jeannesson','65870 Anthes Terrace'),
('lhaysar1a@salon.com','69DV2sIHixX7','Lorry Haysar','43 Harbort Junction'),
('ksuatt1b@purevolume.com','bXUrzDm169jh','Kendre Suatt','1 Messerschmidt Pass'),
('hmurkin1c@acquirethisname.com','Q80vJOUXN','Heath Murkin','91080 Lake View Parkway'),
('ahintze1d@shareasale.com','AwZKU6ze89F','Abigail Hintze','508 Corben Crossing'),
('gattersoll1e@mayoclinic.com','mykdnVt4jG4h','Genovera Attersoll','1491 Charing Cross Parkway'),
('ssivill1f@eventbrite.com','5CJOHENCMMB','Standford Sivill','8 Fordem Point'),
('rlantaph1g@booking.com','X6UOZUK8Rah','Roger Lantaph','3 Reinke Way'),
('lbawles1h@imgur.com','5nTcgaCDkClK','Lem Bawles','176 David Trail'),
('kphittiplace1i@gnu.org','qdCAOAxP5e','Karol Phittiplace','80969 Mifflin Point'),
('mlawther1j@nasa.gov','uYnf6M','Margarethe Lawther','84093 Nova Park'),
('ckilgallon1k@cbslocal.com','CngKx6R','Concettina Kilgallon','3955 Scofield Terrace'),
('amcartan1l@google.co.jp','tjA5s0GQR5','Aldin McArtan','61 Declaration Point'),
('nmarousek1m@globo.com','iWmUb1BuPoZ4','Niall Marousek','057 Algoma Place'),
('srabat1n@biglobe.ne.jp','DVd72Owp3','Son Rabat','27 Waubesa Crossing'),
('nshepherdson1o@elegantthemes.com','NWu8J1Z','Nedda Shepherdson','3 Basil Road'),
('jsail1p@ycombinator.com','T4jRZijp','Jarvis Sail','77 Little Fleur Court'),
('lkarpf1q@weibo.com','a2gsXO','Lyndsie Karpf','82 Corry Drive'),
('teskrick1r@comcast.net','qd4517mgpa7s','Tab Eskrick','6851 Cottonwood Place'),
('alesek1s@themeforest.net','ppAg60TmD9ej','Annabal Lesek','53568 Sunbrook Junction'),
('emoyer1t@latimes.com','LmY8Xk','Ezequiel Moyer','7850 Meadow Vale Lane'),
('hhiddersley1u@google.com.br','ufXE2jgoVbZ','Hewett Hiddersley','06 Graedel Hill'),
('rgoodsir1v@intel.com','lyy8ieg','Raquela Goodsir','24 Heffernan Center'),
('klarraway1w@studiopress.com','Dxirxma','Kalle Larraway','0 Kinsman Alley'),
('ctavner1x@salon.com','5PIddWnp','Cherlyn Tavner','04 Anderson Center'),
('rarkwright1y@apache.org','H0rRsxsyVZD','Rowland Arkwright','28 Eliot Street'),
('awhitcher1z@geocities.jp','GpwnXQ','Adelice Whitcher','84 Grim Hill'),
('mstonuary20@jiathis.com','IBaKEiv3Ph','Margarette Stonuary','1136 Hoffman Street'),
('dcrummy21@nymag.com','BXrttbVx','Danie Crummy','71 Hansons Terrace'),
('egress22@unesco.org','yWZgT1y','Elwood Gress','7 Weeping Birch Street'),
('ahellwig23@livejournal.com','7zpVEESA','Atlanta Hellwig','432 Forest Dale Park'),
('pcambling24@nsw.gov.au','5FeFAO','Pennie Cambling','92 Kenwood Way'),
('fcapelle25@cafepress.com','2WZbB3rRX','Fitz Capelle','993 Dwight Crossing'),
('mtolputt26@craigslist.org','n7H3lyfK','Meris Tolputt','67 Tomscot Way'),
('mmartino27@privacy.gov.au','bufwTk','Mariana Martino','8 Myrtle Street'),
('jgiampietro28@alexa.com','2tkNjG4','Josefa Giampietro','5037 Commercial Place'),
('cgladding29@hubpages.com','8DEzEwcUo','Carmella Gladding','7 Pierstorff Junction'),
('cparriss2a@gravatar.com','6ERzVj','Colly Parriss','3001 Saint Paul Trail'),
('econre2b@google.es','25OFkW','Em Conre','5 Forster Park'),
('mskipsea2c@photobucket.com','TFLIKtaf','Michal Skipsea','456 Amoth Park'),
('hkorn2d@vkontakte.ru','Vn12Gbury4u','Hester Korn','87 Bonner Court'),
('bbaraja2e@vk.com','h7Hc5knc','Bondy Baraja','0927 Katie Circle'),
('wduham2f@home.pl','WGxnnIxFsM','Worth Duham','2 Warrior Street'),
('bmuzzullo2g@feedburner.com','f3h8vL','Bentlee Muzzullo','8 Mariners Cove Trail'),
('fpinare2h@sfgate.com','SU7P57ftU','Franny Pinare','0 Arrowood Street'),
('mdantoni2i@eepurl.com','KVKOxtnXnkKb','Matthieu D`Antoni','6 Spohn Avenue'),
('astarking2j@tumblr.com','YHkpRF','Angelico Starking','9835 Hoard Junction'),
('dcoulter2k@illinois.edu','7ZHW1Rh31','Danit Coulter','819 Eagan Lane'),
('sbaggally2l@xinhuanet.com','14HjfPu67cvf','Sisile Baggally','3 East Court'),
('tbrabon2m@cyberchimps.com','E0EWXKOHPw','Titus Brabon','03 Shoshone Terrace'),
('nkempshall2n@google.com.hk','exUMlHpo','Norton Kempshall','59 Golden Leaf Avenue'),
('gbrokenbrow2o@t-online.de','cQ4qmHsvDt','Gusta Brokenbrow','66 Manitowish Circle'),
('ovinson2p@ft.com','rwxKCg6','Olvan Vinson','7281 Hollow Ridge Court'),
('aconstable2q@wisc.edu','4qNWDAB','Alexandrina Constable','8 Maywood Street'),
('hwellbank2r@dion.ne.jp','FD574D','Haleigh Wellbank','028 Manley Park'),
('azanioletti2s@instagram.com','XClEKx3fw','Arthur Zanioletti','6 Michigan Trail'),
('aertel2t@mozilla.org','o7hLwqH62iUd','Abey Ertel','9454 Haas Pass'),
('kfishpoole2u@chron.com','NOoC9cifc17','Kiah Fishpoole','96556 Mallory Way'),
('dveldstra2v@goo.gl','h3mCrETNn','Darcie Veldstra','99 Melby Street'),
('jloughlan2w@umn.edu','FwvkjN','Judon Loughlan','1701 Homewood Hill'),
('rtibb2x@tuttocitta.it','e5cnigmDQn19','Reeba Tibb','39 Kedzie Point'),
('sdell2y@youku.com','0521Px0a1m','Sophia Dell Casa','2354 Brickson Park Way'),
('wmanagh2z@toplist.cz','3vImsNMpljp','Wylie Managh','84281 Laurel Pass'),
('cwitheridge30@theglobeandmail.com','EysUPc0','Carrissa Witheridge','17 North Plaza'),
('tivison31@yahoo.com','TGSkj7BLQOud','Tricia Ivison','78509 Michigan Crossing'),
('tondrousek32@goo.ne.jp','nShbz1LlA','Tomas Ondrousek','99 Northwestern Park'),
('cwildes33@printfriendly.com','rIvbSk1','Chariot Wildes','491 Clove Crossing'),
('skohrsen34@topsy.com','OyYaNJtYKbr','Simonne Kohrsen','8 John Wall Alley'),
('bedworthie35@over-blog.com','tG1aMMFd6kE5','Bernardine Edworthie','686 Hallows Hill'),
('lpenella36@ucsd.edu','eDhGTwhHz','Llywellyn Penella','65463 Vermont Junction'),
('dtimms37@google.ru','HJPz0wHU9O','Denna Timms','79310 Reinke Way'),
('rcawthorn38@comsenz.com','LcnFKbLCi','Rozelle Cawthorn','5864 Killdeer Hill'),
('lsloane39@live.com','QqtWsxl','Lishe Sloane','6 Victoria Lane'),
('fheaney3a@google.it','atib5Z','Florrie Heaney`','381 Miller Street'),
('gtommeo3b@sina.com.cn','mFZ6aE','Godard Tommeo','98 5th Hill'),
('ctolley3c@paypal.com','8xenGYK1','Cheston Tolley','13 Southridge Road'),
('bverlander3d@delicious.com','oOQFGv','Blondy Verlander','5906 Lakeland Court'),
('gferreras3e@irs.gov','gmg0cXt0N','Gerry Ferreras','6622 Huxley Avenue'),
('mthompstone3f@bandcamp.com','X4P4RMb3MPKQ','Mahmud Thompstone','83 Division Avenue'),
('ehaydock3g@tmall.com','z5h5B0E','Erasmus Haydock','7741 Mesta Plaza'),
('rwreath3h@usatoday.com','tw0Mreb8RUtt','Rhianna Wreath','56 Cordelia Trail'),
('wblastock3i@wikimedia.org','XEBILU8YK','Willabella Blastock','0831 Hanover Place'),
('wbenedetti3j@hubpages.com','RpZteo2kky','Way Benedetti','29 Anzinger Center'),
('eaprahamian3k@ustream.tv','XluZoeuW','Edvard Aprahamian','7146 Brown Road'),
('jparr3l@typepad.com','RU0SAA3Uz0w','Juieta Parr','23 Alpine Street'),
('asanchis3m@umn.edu','xPPSwpY','Aloysia Sanchis','26393 Ilene Center'),
('bbehling3n@youtu.be','2cCwNnhMlA','Bel Behling','7 Mitchell Street'),
('gsilvermann3o@wikia.com','RQv6Jg','Gene Silvermann','75360 Redwing Hill'),
('crummins3p@eepurl.com','dGaYsm','Carlin Rummins','0 Forest Run Trail'),
('msimonin3q@homestead.com','BXtKvnHjY','Malory Simonin','01249 Melby Terrace'),
('jlorie3r@ted.com','XtF1zyw','Jessa Lorie','6772 Holy Cross Junction'),
('bdandy3s@arstechnica.com','dSoWnR','Bronny Dandy','08634 Monica Trail'),
('tavey3t@accuweather.com','PfWJ7SgtVBa9','Tersina Avey','37 Hooker Crossing'),
('rlynn3u@drupal.org','NO2s1vVwJTCd','Reider Lynn','67166 Troy Plaza'),
('hgascone3v@acquirethisname.com','rUkk5CLIaEo','Hestia Gascone','845 Claremont Drive'),
('dbantick3w@infoseek.co.jp','uZuflgrq','Dianne Bantick','1 Maywood Plaza'),
('cvail3x@psu.edu','mpA6F1LOr8','Celene Vail','7157 6th Point'),
('agover3y@reddit.com','DihsKBiwiwv','Aidan Gover','79 Walton Place'),
('cnys3z@reference.com','SUGwkWMIS','Cherye Nys','60636 Kenwood Avenue'),
('scrayker40@hatena.ne.jp','QRHmMjJD0','Sibella Crayker','63 Norway Maple Junction'),
('pchippindall41@earthlink.net','Vh4nzQ','Phillida Chippindall','8930 Oak Valley Park'),
('emayfield42@pcworld.com','OXTOgd','Ezra Mayfield','3 Shelley Plaza'),
('cpiborn43@who.int','tsRJCiW6','Carly Piborn','65782 Bonner Street'),
('atoffanelli44@senate.gov','iE6bXWa','Adelheid Toffanelli','348 Hooker Plaza'),
('galdren45@gravatar.com','Ac617KYdj4q','Garold Aldren','09 Judy Lane'),
('gohagirtie46@europa.eu','KYly3P0P','Glennis O`Hagirtie','37478 Ridge Oak Street'),
('mcraister47@techcrunch.com','JcVACoA','Merla Craister','6 Utah Pass'),
('lspoward48@webeden.co.uk','Ekhi0l','Lilia Spoward','2083 Cody Hill'),
('mivanuschka49@epa.gov','0DlJFYo8','Mendy Ivanuschka','08 Aberg Crossing'),
('nraiker4a@shutterfly.com','ZDX2f8','Nero Raiker','5 Evergreen Parkway'),
('sbecom4b@booking.com','DYSoMwVtbpb4','Sofia Becom','79 Maywood Lane'),
('jlonding4c@china.com.cn','mdp3F4VMO','Juanita Londing','8613 Corry Road'),
('ijeremiah4d@aol.com','pjhk4Ok8TWy5','Irwinn Jeremiah','48 Chive Plaza'),
('cohogertie4e@washingtonpost.com','AhQWbWRDrk4','Crosby O`Hogertie','29 8th Street'),
('csharratt4f@tamu.edu','wlVPSOAJR','Constantino Sharratt','43906 Johnson Junction'),
('sjonson4g@smh.com.au','GKGM8arKrE','Suellen Jonson','26605 Hintze Center'),
('kstrick4h@bloomberg.com','fFb74UCg','Kerri Strick','11 Northland Pass'),
('jcardinale4i@wunderground.com','JF5uVr2','Jarrid Cardinale','740 Welch Lane'),
('gveare4j@edublogs.org','GKY31hVTHc','Glendon Veare','4 Lakeland Drive'),
('cbromilow4k@deliciousdays.com','cb5N6YqPo','Chrystal Bromilow','325 Lighthouse Bay Circle'),
('bkayes4l@zimbio.com','L0I78E','Berri Kayes','7 Cordelia Terrace'),
('rmcmenamin4m@photobucket.com','9u1o5JuOeuB8','Reinaldos McMenamin','33 Forest Dale Point'),
('vshefton4n@pagesperso-orange.fr','Yju3aCBmV','Virgil Shefton','07 Rigney Junction'),
('nbirkmyr4o@buzzfeed.com','AA0JKjCfprQ','Nickie Birkmyr','607 Canary Court'),
('phowford4p@about.me','uOZA41gypwF','Perla Howford','14 Hoard Trail'),
('vst4q@nba.com','ytGbsokLFaM','Virginie St. Ledger','81 Riverside Way'),
('cnewlove4r@ucla.edu','Bv56bBtfd','Corbet Newlove','44 Aberg Place'),
('cboards4s@sourceforge.net','OhW3px8LPvS','Chrisse Boards','6 Randy Alley'),
('jdinneen4t@domainmarket.com','CkBruLFZcul1','Jacki Dinneen','9 Myrtle Parkway'),
('bsnugg4u@wikipedia.org','N8eFv07nSm','Benedetta Snugg','3804 Union Lane'),
('aphilott4v@imageshack.us','rc5FEoT','Allie Philott','7601 Hoard Pass'),
('apawlaczyk4w@tinypic.com','R8ORmcDCE0Hn','Aldus Pawlaczyk','63 Fairview Drive'),
('dfranzen4x@noaa.gov','mr76sI4J','Danyette Franzen','7 Onsgard Drive'),
('rpetegre4y@ca.gov','mRGhMcKxdUo','Rosalyn Petegre','8 Canary Way'),
('mbernardeschi4z@weibo.com','tuT8RyOe','Mariana Bernardeschi','099 Morningstar Drive'),
('asperski50@huffingtonpost.com','YwuIhK9UpY','Alex Sperski','6 Elmside Place'),
('rhowman51@toplist.cz','rEu4g7uyofp','Reuven Howman','0114 Mosinee Hill'),
('aclyant52@cisco.com','sAQ21mHyC198','Archibald Clyant','0039 Monica Road'),
('mfinding53@google.cn','PbnziW1','Margareta Finding','60 Ridge Oak Center'),
('hdraysay54@usatoday.com','jK7oKa6eQZKe','Helenelizabeth Draysay','74 Kipling Hill'),
('nghelardoni55@sfgate.com','Qx33pIKJ','Norbie Ghelardoni','1 Crescent Oaks Alley'),
('ahordle56@over-blog.com','ulNj6M','Agneta Hordle','4644 Sachs Avenue'),
('gwaterhous57@abc.net.au','Eg2nDhpvytNX','Gaby Waterhous','0488 Heath Alley'),
('wpurkess58@marketwatch.com','SqCzIo8Rh0','Wilfrid Purkess','873 Truax Lane'),
('kworms59@studiopress.com','PJodGwCw','Kathryne Worms','617 Anniversary Junction'),
('rshivell5a@edublogs.org','B12QTn','Roman Shivell','592 Charing Cross Junction'),
('nrizzotto5b@ihg.com','95ZGQLvXx','North Rizzotto','054 Walton Avenue'),
('lmccrystal5c@guardian.co.uk','ee9RIO8mMu0','Lettie McCrystal','1611 Warrior Crossing'),
('abrookton5d@statcounter.com','p42hmES23','Alvinia Brookton','7915 Golf View Terrace'),
('dbennellick5e@about.com','DsasmK0nfMN','Dorree Bennellick','23620 Novick Avenue'),
('sgroome5f@nsw.gov.au','m7eC4jCadB9t','Stephenie Groome','24 Charing Cross Street'),
('lconey5g@si.edu','h7S8MLMUA','Langston Coney','740 Ronald Regan Center'),
('ipinkerton5h@xinhuanet.com','o1CIujLV42','Inez Pinkerton','2815 Oak Alley'),
('smanolov5i@flickr.com','AgmzBmCTB','Saxe Manolov','534 3rd Pass'),
('mmayhead5j@networkadvertising.org','GUgS3sl1','Maritsa Mayhead','91 Fordem Road');



INSERT INTO SPONSOR(email, logo_sponsor) VALUES
('wmanagh2z@toplist.cz','http://dummyimage.com/194x181.jpg/dddddd/000000'),
('atoffanelli44@senate.gov','http://dummyimage.com/210x116.jpg/dddddd/000000'),
('ssmales1@yahoo.com','http://dummyimage.com/117x225.jpg/5fa2dd/ffffff'),
('gcurnnokks@unicef.org','http://dummyimage.com/194x172.jpg/cc0000/ffffff'),
('cparriss2a@gravatar.com','http://dummyimage.com/222x105.png/cc0000/ffffff'),
('mskipsea2c@photobucket.com','http://dummyimage.com/154x103.jpg/ff4444/ffffff'),
('jcardinale4i@wunderground.com','http://dummyimage.com/197x166.bmp/5fa2dd/ffffff'),
('lkarpf1q@weibo.com','http://dummyimage.com/169x218.bmp/5fa2dd/ffffff'),
('crummins3p@eepurl.com','http://dummyimage.com/143x135.jpg/dddddd/000000'),
('ddozdill9@deviantart.com','http://dummyimage.com/105x156.bmp/dddddd/000000'),
('cduns3@hud.gov','http://dummyimage.com/155x224.png/cc0000/ffffff'),
('tjarayj@yahoo.com','http://dummyimage.com/236x199.png/dddddd/000000'),
('ssivill1f@eventbrite.com','http://dummyimage.com/171x185.jpg/dddddd/000000'),
('bdandy3s@arstechnica.com','http://dummyimage.com/108x223.jpg/ff4444/ffffff'),
('msimonin3q@homestead.com','http://dummyimage.com/244x198.bmp/cc0000/ffffff'),
('tivison31@yahoo.com','http://dummyimage.com/174x171.jpg/cc0000/ffffff'),
('adooney8@bbc.co.uk','http://dummyimage.com/123x100.bmp/cc0000/ffffff'),
('rshivell5a@edublogs.org','http://dummyimage.com/203x231.jpg/dddddd/000000'),
('emoyer1t@latimes.com','http://dummyimage.com/110x239.bmp/5fa2dd/ffffff'),
('mmccabev@opensource.org','http://dummyimage.com/204x231.jpg/5fa2dd/ffffff'),
('mpennoneu@tinypic.com','http://dummyimage.com/158x250.png/ff4444/ffffff'),
('edussye@meetup.com','http://dummyimage.com/201x216.png/cc0000/ffffff'),
('lconey5g@si.edu','http://dummyimage.com/242x130.jpg/ff4444/ffffff'),
('lsloane39@live.com','http://dummyimage.com/110x163.bmp/ff4444/ffffff'),
('bbuckhamx@wikia.com','http://dummyimage.com/178x212.jpg/5fa2dd/ffffff');

INSERT INTO DONATUR(email,saldo) VALUES
('bedony@posterous.com',35726),
('lconey5g@si.edu',35912),
('nkempshall2n@google.com.hk',54995),
('plurnerl@google.pl',64665),
('mfinding53@google.cn',19146),
('kfishpoole2u@chron.com',55070),
('wbenedetti3j@hubpages.com',54775),
('ssmales1@yahoo.com',64938),
('eaprahamian3k@ustream.tv',55117),
('fvon0@baidu.com',63947),
('mlawther1j@nasa.gov',66707),
('cbromilow4k@deliciousdays.com',38073),
('ctavner1x@salon.com',38441),
('fcapelle25@cafepress.com',60660),
('lsloane39@live.com',66743),
('vlomax11@1688.com',41272),
('rmarlen5@ucoz.ru',52057),
('bjoynerw@godaddy.com',22142),
('gferreras3e@irs.gov',71967),
('pcambling24@nsw.gov.au',51877),
('lmccrystal5c@guardian.co.uk',27119),
('wduham2f@home.pl',56871),
('scrayker40@hatena.ne.jp',22400),
('pchippindall41@earthlink.net',15505),
('ovinson2p@ft.com',15217);

INSERT INTO RELAWAN(email, no_hp, tanggal_lahir) VALUES
('kbartoliniz@domainmarket.com','362-840-6612','29/10/1971'),
('bdandy3s@arstechnica.com','276-359-5571','05/09/1991'),
('cnys3z@reference.com','716-828-5624','29/04/1950'),
('mivanuschka49@epa.gov','280-658-7185','12/08/1958'),
('skohrsen34@topsy.com','223-322-4182','09/10/1999'),
('kreeveleyq@thetimes.co.uk','169-412-1279','22/06/1984'),
('cohogertie4e@washingtonpost.com','567-370-1774','04/10/1993'),
('tlomis7@a8.net','457-578-7499','03/06/2012'),
('econre2b@google.es','555-608-0057','13/08/1993'),
('dcoulter2k@illinois.edu','892-355-2527','14/04/2008'),
('bverlander3d@delicious.com','925-415-6854','20/04/1960'),
('mmayhead5j@networkadvertising.org','602-180-8665','30/07/1958'),
('nrizzotto5b@ihg.com','427-997-7312','05/04/1982'),
('ahordle56@over-blog.com','299-118-5372','10/06/1955'),
('aertel2t@mozilla.org','412-677-8422','27/10/1958'),
('gveare4j@edublogs.org','319-166-8348','20/03/1998'),
('cvail3x@psu.edu','897-691-0948','07/05/1987'),
('cboards4s@sourceforge.net','335-845-6306','20/06/1993'),
('cgladding29@hubpages.com','909-186-2840','03/03/1963'),
('aphilott4v@imageshack.us','986-320-9441','16/09/1966'),
('rbasshamc@wufoo.com','806-259-6054','31/10/1954'),
('edussye@meetup.com','417-750-8287','19/02/1981'),
('apicardo2@arstechnica.com','167-637-8454','27/06/1986'),
('rlantaph1g@booking.com','712-278-3781','03/05/1979'),
('iweathersm@about.me','716-336-2696','11/09/1968'),
('apawlaczyk4w@tinypic.com','801-979-2870','18/02/2006'),
('gbrokenbrow2o@t-online.de','531-146-2826','03/05/2005'),
('cbromilow4k@deliciousdays.com','140-317-7696','10/08/1971'),
('ovinson2p@ft.com','371-186-7142','20/02/1994'),
('jlonding4c@china.com.cn','467-312-2374','14/06/1996'),
('cwildes33@printfriendly.com','171-790-0679','14/07/1977'),
('nghelardoni55@sfgate.com','598-725-8723','27/02/1988'),
('aconstable2q@wisc.edu','945-451-1303','19/08/2001'),
('ssivill1f@eventbrite.com','722-501-5122','22/10/2005'),
('emoyer1t@latimes.com','439-268-1538','25/05/1951'),
('awhitcher1z@geocities.jp','306-161-6457','05/08/2002'),
('vshefton4n@pagesperso-orange.fr','947-986-3419','23/11/2002'),
('mthompstone3f@bandcamp.com','270-367-1691','15/05/1952'),
('lsloane39@live.com','532-671-5468','12/07/1987'),
('ddozdill9@deviantart.com','824-382-2426','05/10/2000'),
('wpurkess58@marketwatch.com','386-979-3342','28/11/1970'),
('bbehling3n@youtu.be','623-882-3802','23/03/1985'),
('tjarayj@yahoo.com','784-641-4532','21/04/1971'),
('bkayes4l@zimbio.com','495-930-9181','22/12/1955'),
('jparr3l@typepad.com','703-336-5147','24/01/1990'),
('fvon0@baidu.com','135-978-0170','25/04/1964'),
('galdren45@gravatar.com','428-626-7772','26/11/1960'),
('hwinsborrow4@hostgator.com','735-661-0900','15/10/2005'),
('jriddingb@hp.com','865-758-3924','14/05/2001'),
('hwellbank2r@dion.ne.jp','248-977-5743','08/03/2000');

INSERT INTO KEAHLIAN_RELAWAN(email, keahlian) VALUES
('hwinsborrow4@hostgator.com','Dubbing'),
('cohogertie4e@washingtonpost.com','Construction Drawings'),
('bdandy3s@arstechnica.com','Animal Saver'),
('cgladding29@hubpages.com','Cell Biology'),
('vshefton4n@pagesperso-orange.fr','Urban Regeneration'),
('tlomis7@a8.net','GWAPT'),
('cohogertie4e@washingtonpost.com','Plant Identification'),
('skohrsen34@topsy.com','Dogs'),
('bdandy3s@arstechnica.com','Whole Life'),
('cvail3x@psu.edu','Lytec'),
('ddozdill9@deviantart.com','Data Management'),
('jriddingb@hp.com','High Yield Bonds'),
('tjarayj@yahoo.com','Childcare'),
('hwellbank2r@dion.ne.jp','Media TV'),
('awhitcher1z@geocities.jp','Yearbook'),
('galdren45@gravatar.com','Sea Kayaking'),
('cwildes33@printfriendly.com','NBAP'),
('dcoulter2k@illinois.edu','DFA'),
('fvon0@baidu.com','Upholstery'),
('lsloane39@live.com','CPP'),
('nghelardoni55@sfgate.com','Soft Skills'),
('gbrokenbrow2o@t-online.de','HR Metrics'),
('jparr3l@typepad.com','IGMP'),
('tjarayj@yahoo.com','FX Hedging'),
('aphilott4v@imageshack.us','Brand Management'),
('vshefton4n@pagesperso-orange.fr','MKS Integrity'),
('cgladding29@hubpages.com','NCS'),
('kbartoliniz@domainmarket.com','XBR'),
('bbehling3n@youtu.be','Warehouse Management'),
('hwellbank2r@dion.ne.jp','Veterinary Medicine'),
('hwinsborrow4@hostgator.com','BJT'),
('wpurkess58@marketwatch.com','Agribusiness'),
('cnys3z@reference.com','JPEG'),
('bdandy3s@arstechnica.com','WMS Implementations'),
('jriddingb@hp.com','PVC'),
('fvon0@baidu.com','Valuation'),
('emoyer1t@latimes.com','UIX'),
('apicardo2@arstechnica.com','GPS Tracking'),
('jlonding4c@china.com.cn','JNCIP'),
('mivanuschka49@epa.gov','CME'),
('ovinson2p@ft.com','Fitness'),
('ovinson2p@ft.com','RTO'),
('tlomis7@a8.net','Xeriscaping'),
('rlantaph1g@booking.com','Political Economy'),
('mmayhead5j@networkadvertising.org','EIGRP'),
('tlomis7@a8.net','GTP'),
('tlomis7@a8.net','CTMS'),
('gbrokenbrow2o@t-online.de','JDK'),
('galdren45@gravatar.com','NDC'),
('nghelardoni55@sfgate.com','JMX'),
('ovinson2p@ft.com','Icon Design'),
('emoyer1t@latimes.com','Store Management'),
('nghelardoni55@sfgate.com','Juvenile Law'),
('mmayhead5j@networkadvertising.org','FSMS'),
('rlantaph1g@booking.com','SRDF'),
('iweathersm@about.me','Corporate Branding'),
('lsloane39@live.com','Military Training'),
('kreeveleyq@thetimes.co.uk','Izotope RX'),
('kreeveleyq@thetimes.co.uk','Dual Diagnosis'),
('hwinsborrow4@hostgator.com','DNS Administration'),
('cboards4s@sourceforge.net','iPhone'),
('cnys3z@reference.com','Financial Audits'),
('cvail3x@psu.edu','Knowledge Representation'),
('jparr3l@typepad.com','Legal Issues'),
('galdren45@gravatar.com','Hypnosis'),
('cnys3z@reference.com','LCD Projectors'),
('skohrsen34@topsy.com','NG-SDH'),
('bverlander3d@delicious.com','SG&amp;A'),
('ssivill1f@eventbrite.com','Simple IRA'),
('ovinson2p@ft.com','Economic Policy'),
('fvon0@baidu.com','Wound Care'),
('aertel2t@mozilla.org','Healthcare Management'),
('bkayes4l@zimbio.com','CBORD'),
('bdandy3s@arstechnica.com','Keyword Research'),
('rbasshamc@wufoo.com','UK Law'),
('wpurkess58@marketwatch.com','VLDB'),
('fvon0@baidu.com','Biotechnology'),
('aphilott4v@imageshack.us','TKI'),
('kreeveleyq@thetimes.co.uk','Rubber'),
('bverlander3d@delicious.com','E-zines'),
('aertel2t@mozilla.org','Powder X-ray Diffraction'),
('jlonding4c@china.com.cn','Photoshop'),
('ovinson2p@ft.com','ePub'),
('jriddingb@hp.com','EHS'),
('aertel2t@mozilla.org','Criminal Investigations'),
('cgladding29@hubpages.com','Servers'),
('cgladding29@hubpages.com','Play Soccer'),
('cboards4s@sourceforge.net','UCCE'),
('bverlander3d@delicious.com','VLSI CAD'),
('ahordle56@over-blog.com','UFS'),
('iweathersm@about.me','WSGI'),
('jlonding4c@china.com.cn','sFlow'),
('hwinsborrow4@hostgator.com','Osteopathy'),
('cnys3z@reference.com','VAS'),
('apawlaczyk4w@tinypic.com','TPE'),
('cboards4s@sourceforge.net','LyX'),
('cnys3z@reference.com','Omegamon'),
('edussye@meetup.com','BMX'),
('jlonding4c@china.com.cn','TNS Media Intelligence'),
('rlantaph1g@booking.com','QIP'),
('vshefton4n@pagesperso-orange.fr','Key Account Relationship Building'),
('cwildes33@printfriendly.com','Game Design'),
('cboards4s@sourceforge.net','SSIS'),
('lsloane39@live.com','PTF'),
('edussye@meetup.com','IT Service Management'),
('cwildes33@printfriendly.com','Sybase IQ'),
('jparr3l@typepad.com','Xactly'),
('rlantaph1g@booking.com','Public Speaking'),
('econre2b@google.es','Powers of Attorney'),
('bkayes4l@zimbio.com','TIG Welding'),
('hwellbank2r@dion.ne.jp','SAP Implementation'),
('aertel2t@mozilla.org','Automotive'),
('jlonding4c@china.com.cn','RDO'),
('aphilott4v@imageshack.us','Fiber Optics'),
('iweathersm@about.me','Crisis Intervention'),
('cgladding29@hubpages.com','Bartending'),
('vshefton4n@pagesperso-orange.fr','PTFE'),
('tlomis7@a8.net','PFT'),
('edussye@meetup.com','Digital Strategy'),
('apicardo2@arstechnica.com','Quality Assurance'),
('cbromilow4k@deliciousdays.com','OSHA 30-Hour'),
('gveare4j@edublogs.org','MC2'),
('ddozdill9@deviantart.com','Data Center'),
('emoyer1t@latimes.com','Animal Husbandry'),
('aphilott4v@imageshack.us','Optical Tweezers'),
('nghelardoni55@sfgate.com','Tier II Reporting'),
('ovinson2p@ft.com','HW development'),
('hwellbank2r@dion.ne.jp','Tour Management'),
('aconstable2q@wisc.edu','NFPA 101'),
('mthompstone3f@bandcamp.com','HSDPA'),
('vshefton4n@pagesperso-orange.fr','Gynecologic Surgery'),
('ddozdill9@deviantart.com','Bathrooms'),
('aphilott4v@imageshack.us','Uniform Combined State Law'),
('cohogertie4e@washingtonpost.com','MRAM'),
('dcoulter2k@illinois.edu','Ecology'),
('jlonding4c@china.com.cn','Awesomeness'),
('kbartoliniz@domainmarket.com','Pastoral Care'),
('aconstable2q@wisc.edu','USDA'),
('nrizzotto5b@ihg.com','Cash Flow Forecasting'),
('rbasshamc@wufoo.com','NRA'),
('apicardo2@arstechnica.com','Glasses'),
('lsloane39@live.com','Web TV'),
('kreeveleyq@thetimes.co.uk','QuickBooks'),
('vshefton4n@pagesperso-orange.fr','Petroleum'),
('cohogertie4e@washingtonpost.com','System Administration'),
('cnys3z@reference.com','MDB'),
('gbrokenbrow2o@t-online.de','PFEP'),
('tlomis7@a8.net','Nuclear'),
('cohogertie4e@washingtonpost.com','Airline Ticketing'),
('tjarayj@yahoo.com','Psychotherapy'),
('ddozdill9@deviantart.com','Python'),
('rbasshamc@wufoo.com','Key Opinion Leaders'),
('tjarayj@yahoo.com','DLL'),
('jparr3l@typepad.com','WTL'),
('apawlaczyk4w@tinypic.com','ABR'),
('lsloane39@live.com','Product Knowledge'),
('ddozdill9@deviantart.com','WS'),
('aconstable2q@wisc.edu','EOS'),
('cvail3x@psu.edu','RMS'),
('wpurkess58@marketwatch.com','Dbx'),
('dcoulter2k@illinois.edu','PMA'),
('apicardo2@arstechnica.com','HTTPS'),
('cwildes33@printfriendly.com','MDF'),
('cbromilow4k@deliciousdays.com','Global Operations'),
('fvon0@baidu.com','Basel III'),
('jriddingb@hp.com','Kitchen Remodeling'),
('mthompstone3f@bandcamp.com','NSIS'),
('cwildes33@printfriendly.com','Pharmaceutics'),
('cgladding29@hubpages.com','SMED'),
('tjarayj@yahoo.com','Benefits Negotiation'),
('cwildes33@printfriendly.com','Job Search Strategies'),
('gbrokenbrow2o@t-online.de','Disability Insurance'),
('cnys3z@reference.com','Ambulance'),
('awhitcher1z@geocities.jp','Flight Training'),
('cbromilow4k@deliciousdays.com','iPad Development'),
('bbehling3n@youtu.be','CBD'),
('mthompstone3f@bandcamp.com','PKMS'),
('edussye@meetup.com','21 CFR Part 11'),
('ovinson2p@ft.com','Credit Analysis'),
('nghelardoni55@sfgate.com','VDM'),
('rlantaph1g@booking.com','SRTP'),
('lsloane39@live.com','Rollout'),
('ovinson2p@ft.com','Yacc'),
('jparr3l@typepad.com','SOA'),
('apicardo2@arstechnica.com','IBM Tivoli'),
('mivanuschka49@epa.gov','Dunn &amp; Bradstreet'),
('cnys3z@reference.com','Whiplash'),
('aconstable2q@wisc.edu','HBV'),
('fvon0@baidu.com','IBC'),
('nghelardoni55@sfgate.com','Critical Care'),
('jlonding4c@china.com.cn','Usability'),
('aphilott4v@imageshack.us','UIKit'),
('gveare4j@edublogs.org','Software Development'),
('apicardo2@arstechnica.com','HTK'),
('hwellbank2r@dion.ne.jp','Hygiene'),
('gbrokenbrow2o@t-online.de','DX200'),
('tjarayj@yahoo.com','JRockit'),
('iweathersm@about.me','Sungard GMI'),
('lsloane39@live.com','Illustration'),
('rbasshamc@wufoo.com','NPDES');

INSERT INTO ORGANISASI(email_organisasi,website,nama,provinsi,kabupaten_kota,kecamatan,kelurahan,kode_pos,status_verifikasi) VALUES
('rryles0@merriam-webster.com','technorati.com','Demizz','Columbus','Ohio','Scofield','Anthio','17620','disetujui'),
('swilstead1@cmu.edu','angelfire.com','Babbleblab','Austin','Texas','Oak','Petterle','19589','disetujui'),
('dahern2@globo.com','illinois.edu','Photobug','Tampa','Florida','Sherman','Kenwood','16248','disetujui'),
('ibairstow3@census.gov','upenn.edu','Kimia','Scottsdale','Utah','Alpen','Evergreen','14962','disetujui'),
('jbrugh4@epa.gov','npr.org','Jaxspan','New Haven','Connecticut','Cali','Mayfield','19229','belum disetujui'),
('wwallwork5@adobe.com','t.co','Flashspan','Waco','Philli','Corben','Lawn','19076','belum disetujui'),
('ekassman6@jugem.jp','youtu.be','Skynoodle','Seattle','Washington','Pond','Manufacturers','18534','disetujui'),
('nplayer7@nbcnews.com','photobucket.com','Riffpedia','Canton','Ontario','Iowa','Heath','18379','belum disetujui'),
('amonkhouse8@icq.com','nbcnews.com','Fliptune','Atlanta','Georgia','Anthes','Grasskamp','17934','belum disetujui'),
('mlovick9@cnn.com','mit.edu','Kayveo','Shawnee Mission','Kansas','Annamark','Alphon','13547','disetujui'),
('tkluliceka@hud.gov','goo.gl','Jabbertype','Staten Island','New York','Vernon','Shasta','15228','disetujui'),
('erosenbergerb@google.pl','buzzfeed.com','Realpoint','Mesa','Arizona','Red Cloud','Cherokee','18127','belum disetujui'),
('bchaddertonc@imageshack.us','youtube.com','Edge','Kansas City','Missouri','Bartelt','Butternut','13629','belum disetujui'),
('mpraundld@nasa.gov','jimdo.com','Eazzy','Modesto','Bekasi','Lake View','Waxwing','15383','disetujui'),
('lstrappe@wikimedia.org','economist.com','Yacero','Montgomery','Alabama','Mali','Macpherson','16920','belum disetujui'),
('genriquesf@wikispaces.com','trellian.com','Rooxo','Corona','Denvert','Raven','Warrior','17049','belum disetujui'),
('ajanking@about.com','techcrunch.com','Quamba','Papua','District of Columbia','Pearson','Debra','11325','belum disetujui'),
('llutwycheh@yahoo.com','skyrock.com','Avamba','Houston','Jaktim','Erie','Buena Vista','11643','belum disetujui'),
('dhawksworthi@businessweek.com','xrea.com','Edgepulse','Lake Charles','Louisiana','Sauthoff','Park Meadow','19576','disetujui'),
('bbanthamj@phoca.cz','google.ru','Yozio','Beaumont','Mexico','Sunfield','Arapahoe','13444','disetujui'),
('ktwiggk@gov.uk','discovery.com','Yadel','Albuquerque','New Mexico','Elmside','Northview','15868','disetujui'),
('cogavinl@fc2.com','github.com','Gigabox','Memphis','Tennessee','School','Steensland','14294','belum disetujui'),
('ewhitakerm@mapquest.com','va.gov','Quaxo','Tyler','Tunisia','Badeau','Pepper Wood','14873','belum disetujui'),
('jdicarlon@senate.gov','jiathis.com','Roombo','South Bend','Indiana','Kings','Welch','13791','belum disetujui'),
('abevaro@fema.gov','blinklist.com','Twitterwire','Moreno Valley','California','Larry','Becker','18582','belum disetujui');

INSERT INTO PENGURUS_ORGANISASI(email, organisasi) VALUES
('fcapelle25@cafepress.com','bbanthamj@phoca.cz'),
('sbecom4b@booking.com','wwallwork5@adobe.com'),
('hmurkin1c@acquirethisname.com','amonkhouse8@icq.com'),
('bdandy3s@arstechnica.com','wwallwork5@adobe.com'),
('ebrisseau15@com.com','jbrugh4@epa.gov'),
('awhitcher1z@geocities.jp','rryles0@merriam-webster.com'),
('nbirkmyr4o@buzzfeed.com','lstrappe@wikimedia.org'),
('teskrick1r@comcast.net','mlovick9@cnn.com'),
('mthompstone3f@bandcamp.com','ajanking@about.com'),
('webanks17@moonfruit.com','mlovick9@cnn.com'),
('jparr3l@typepad.com','ibairstow3@census.gov'),
('sgroome5f@nsw.gov.au','dhawksworthi@businessweek.com'),
('fpinare2h@sfgate.com','tkluliceka@hud.gov'),
('hwinsborrow4@hostgator.com','bchaddertonc@imageshack.us'),
('titzcovich12@gov.uk','abevaro@fema.gov'),
('alesek1s@themeforest.net','tkluliceka@hud.gov'),
('vshefton4n@pagesperso-orange.fr','wwallwork5@adobe.com'),
('mcraister47@techcrunch.com','dhawksworthi@businessweek.com'),
('ddozdill9@deviantart.com','ekassman6@jugem.jp'),
('emoyer1t@latimes.com','ktwiggk@gov.uk'),
('srabat1n@biglobe.ne.jp','cogavinl@fc2.com'),
('dspratleyf@goodreads.com','ewhitakerm@mapquest.com'),
('tlomis7@a8.net','dhawksworthi@businessweek.com'),
('jdinneen4t@domainmarket.com','nplayer7@nbcnews.com'),
('ehaydock3g@tmall.com','bchaddertonc@imageshack.us'),
('galdren45@gravatar.com','amonkhouse8@icq.com'),
('ovinson2p@ft.com','abevaro@fema.gov'),
('fvon0@baidu.com','abevaro@fema.gov'),
('hkorn2d@vkontakte.ru','swilstead1@cmu.edu'),
('jlonding4c@china.com.cn','tkluliceka@hud.gov'),
('ctavner1x@salon.com','lstrappe@wikimedia.org'),
('bbehling3n@youtu.be','ajanking@about.com'),
('ssivill1f@eventbrite.com','genriquesf@wikispaces.com'),
('tbrabon2m@cyberchimps.com','ajanking@about.com'),
('dcoulter2k@illinois.edu','llutwycheh@yahoo.com'),
('cwildes33@printfriendly.com','genriquesf@wikispaces.com'),
('equantrillh@ed.gov','jbrugh4@epa.gov'),
('phowford4p@about.me','amonkhouse8@icq.com'),
('hwegmang@ning.com','ewhitakerm@mapquest.com'),
('cbromilow4k@deliciousdays.com','abevaro@fema.gov'),
('lsloane39@live.com','nplayer7@nbcnews.com'),
('aconstable2q@wisc.edu','dhawksworthi@businessweek.com'),
('hgascone3v@acquirethisname.com','abevaro@fema.gov'),
('lpenella36@ucsd.edu','ekassman6@jugem.jp'),
('mfinding53@google.cn','bchaddertonc@imageshack.us'),
('smanolov5i@flickr.com','cogavinl@fc2.com'),
('rarkwright1y@apache.org','amonkhouse8@icq.com'),
('rlynn3u@drupal.org','bbanthamj@phoca.cz'),
('cgladding29@hubpages.com','jdicarlon@senate.gov'),
('bkayes4l@zimbio.com','jdicarlon@senate.gov'),
('bbaraja2e@vk.com','mpraundld@nasa.gov'),
('ctolley3c@paypal.com','mlovick9@cnn.com'),
('jloughlan2w@umn.edu','cogavinl@fc2.com'),
('klarraway1w@studiopress.com','ajanking@about.com'),
('iweathersm@about.me','swilstead1@cmu.edu'),
('rhowman51@toplist.cz','erosenbergerb@google.pl'),
('lconey5g@si.edu','ibairstow3@census.gov'),
('jcardinale4i@wunderground.com','ibairstow3@census.gov'),
('apawlaczyk4w@tinypic.com','abevaro@fema.gov'),
('aphilott4v@imageshack.us','ajanking@about.com'),
('skohrsen34@topsy.com','nplayer7@nbcnews.com'),
('apicardo2@arstechnica.com','llutwycheh@yahoo.com'),
('ahintze1d@shareasale.com','abevaro@fema.gov'),
('lhaysar1a@salon.com','wwallwork5@adobe.com'),
('hhiddersley1u@google.com.br','nplayer7@nbcnews.com'),
('agover3y@reddit.com','ewhitakerm@mapquest.com'),
('scrayker40@hatena.ne.jp','swilstead1@cmu.edu'),
('rmarlen5@ucoz.ru','llutwycheh@yahoo.com'),
('cvail3x@psu.edu','mlovick9@cnn.com'),
('aertel2t@mozilla.org','llutwycheh@yahoo.com'),
('mlawther1j@nasa.gov','jdicarlon@senate.gov'),
('rshivell5a@edublogs.org','amonkhouse8@icq.com'),
('econre2b@google.es','ekassman6@jugem.jp'),
('gbrokenbrow2o@t-online.de','wwallwork5@adobe.com'),
('slillicropp@nationalgeographic.com','jdicarlon@senate.gov'),
('dingsi@live.com','bbanthamj@phoca.cz'),
('nraiker4a@shutterfly.com','ekassman6@jugem.jp'),
('mivanuschka49@epa.gov','ajanking@about.com'),
('cnys3z@reference.com','erosenbergerb@google.pl'),
('bverlander3d@delicious.com','mlovick9@cnn.com'),
('gattersoll1e@mayoclinic.com','abevaro@fema.gov'),
('cparriss2a@gravatar.com','mlovick9@cnn.com'),
('cboards4s@sourceforge.net','mpraundld@nasa.gov'),
('gveare4j@edublogs.org','rryles0@merriam-webster.com'),
('hwellbank2r@dion.ne.jp','jdicarlon@senate.gov'),
('kreeveleyq@thetimes.co.uk','jdicarlon@senate.gov'),
('wpurkess58@marketwatch.com','cogavinl@fc2.com'),
('kbartoliniz@domainmarket.com','jdicarlon@senate.gov'),
('dfranzen4x@noaa.gov','llutwycheh@yahoo.com'),
('halesbrookn@blogtalkradio.com','jbrugh4@epa.gov'),
('rlantaph1g@booking.com','ibairstow3@census.gov'),
('nrizzotto5b@ihg.com','bbanthamj@phoca.cz'),
('wduham2f@home.pl','dhawksworthi@businessweek.com'),
('cohogertie4e@washingtonpost.com','abevaro@fema.gov'),
('mtolputt26@craigslist.org','nplayer7@nbcnews.com'),
('eobeer@4shared.com','bbanthamj@phoca.cz'),
('bedworthie35@over-blog.com','ktwiggk@gov.uk'),
('ahordle56@over-blog.com','ajanking@about.com'),
('mmayhead5j@networkadvertising.org','nplayer7@nbcnews.com'),
('tjarayj@yahoo.com','llutwycheh@yahoo.com');

INSERT INTO TUJUAN_ORGANISASI(organisasi, tujuan) VALUES
('bchaddertonc@imageshack.us','Menjadi organisasi yang visioner'),
('ibairstow3@census.gov','Mencari uang dan membanggakan negara'),
('abevaro@fema.gov','Maju Terus Pantang Mundur'),
('jbrugh4@epa.gov','Selalu berusaha untuk mendapatkan laba'),
('mlovick9@cnn.com','Bekerja untuk bangsa'),
('wwallwork5@adobe.com','Membantu Masyarakat'),
('amonkhouse8@icq.com','Mengedepankan Kerja sama antar anggota'),
('llutwycheh@yahoo.com','Untuk bergerak di bidang kemanusiaan'),
('lstrappe@wikimedia.org','Mendapatkan keuntungan dan membantu penduduk'),
('dahern2@globo.com','Mencari laba dan memperbesar lapangan usaha');

INSERT INTO RELAWAN_ORGANISASI(email_relawan, organisasi) VALUES
('kbartoliniz@domainmarket.com','rryles0@merriam-webster.com'),
('bdandy3s@arstechnica.com','swilstead1@cmu.edu'),
('cnys3z@reference.com','dahern2@globo.com'),
('mivanuschka49@epa.gov','ibairstow3@census.gov'),
('skohrsen34@topsy.com','jbrugh4@epa.gov'),
('kreeveleyq@thetimes.co.uk','wwallwork5@adobe.com'),
('cohogertie4e@washingtonpost.com','ekassman6@jugem.jp'),
('tlomis7@a8.net','nplayer7@nbcnews.com'),
('econre2b@google.es','amonkhouse8@icq.com'),
('dcoulter2k@illinois.edu','mlovick9@cnn.com'),
('bverlander3d@delicious.com','tkluliceka@hud.gov'),
('mmayhead5j@networkadvertising.org','erosenbergerb@google.pl'),
('nrizzotto5b@ihg.com','bchaddertonc@imageshack.us'),
('ahordle56@over-blog.com','mpraundld@nasa.gov'),
('aertel2t@mozilla.org','lstrappe@wikimedia.org'),
('gveare4j@edublogs.org','genriquesf@wikispaces.com'),
('cvail3x@psu.edu','ajanking@about.com'),
('cboards4s@sourceforge.net','llutwycheh@yahoo.com'),
('cgladding29@hubpages.com','dhawksworthi@businessweek.com'),
('aphilott4v@imageshack.us','bbanthamj@phoca.cz'),
('rbasshamc@wufoo.com','ktwiggk@gov.uk'),
('edussye@meetup.com','cogavinl@fc2.com'),
('apicardo2@arstechnica.com','ewhitakerm@mapquest.com'),
('rlantaph1g@booking.com','jdicarlon@senate.gov'),
('iweathersm@about.me','abevaro@fema.gov'),
('apawlaczyk4w@tinypic.com','rryles0@merriam-webster.com'),
('gbrokenbrow2o@t-online.de','swilstead1@cmu.edu'),
('cbromilow4k@deliciousdays.com','dahern2@globo.com'),
('ovinson2p@ft.com','ibairstow3@census.gov'),
('jlonding4c@china.com.cn','jbrugh4@epa.gov'),
('cwildes33@printfriendly.com','wwallwork5@adobe.com'),
('nghelardoni55@sfgate.com','ekassman6@jugem.jp'),
('aconstable2q@wisc.edu','nplayer7@nbcnews.com'),
('ssivill1f@eventbrite.com','amonkhouse8@icq.com'),
('emoyer1t@latimes.com','mlovick9@cnn.com'),
('awhitcher1z@geocities.jp','tkluliceka@hud.gov'),
('vshefton4n@pagesperso-orange.fr','erosenbergerb@google.pl'),
('mthompstone3f@bandcamp.com','bchaddertonc@imageshack.us'),
('lsloane39@live.com','mpraundld@nasa.gov'),
('ddozdill9@deviantart.com','lstrappe@wikimedia.org'),
('wpurkess58@marketwatch.com','genriquesf@wikispaces.com'),
('bbehling3n@youtu.be','ajanking@about.com'),
('tjarayj@yahoo.com','llutwycheh@yahoo.com'),
('bkayes4l@zimbio.com','dhawksworthi@businessweek.com'),
('jparr3l@typepad.com','bbanthamj@phoca.cz'),
('fvon0@baidu.com','ktwiggk@gov.uk'),
('galdren45@gravatar.com','cogavinl@fc2.com'),
('hwinsborrow4@hostgator.com','ewhitakerm@mapquest.com'),
('jriddingb@hp.com','jdicarlon@senate.gov'),
('hwellbank2r@dion.ne.jp','abevaro@fema.gov'),
('kbartoliniz@domainmarket.com','erosenbergerb@google.pl'),
('bdandy3s@arstechnica.com','bchaddertonc@imageshack.us'),
('cnys3z@reference.com','mpraundld@nasa.gov'),
('mivanuschka49@epa.gov','lstrappe@wikimedia.org'),
('skohrsen34@topsy.com','genriquesf@wikispaces.com'),
('kreeveleyq@thetimes.co.uk','ajanking@about.com'),
('cohogertie4e@washingtonpost.com','llutwycheh@yahoo.com'),
('tlomis7@a8.net','dhawksworthi@businessweek.com'),
('econre2b@google.es','bbanthamj@phoca.cz'),
('dcoulter2k@illinois.edu','ktwiggk@gov.uk'),
('bverlander3d@delicious.com','cogavinl@fc2.com'),
('mmayhead5j@networkadvertising.org','ewhitakerm@mapquest.com'),
('nrizzotto5b@ihg.com','jdicarlon@senate.gov'),
('ahordle56@over-blog.com','abevaro@fema.gov'),
('aertel2t@mozilla.org','rryles0@merriam-webster.com'),
('gveare4j@edublogs.org','swilstead1@cmu.edu'),
('cvail3x@psu.edu','dahern2@globo.com'),
('cboards4s@sourceforge.net','ibairstow3@census.gov'),
('cgladding29@hubpages.com','jbrugh4@epa.gov'),
('aphilott4v@imageshack.us','wwallwork5@adobe.com'),
('rbasshamc@wufoo.com','ekassman6@jugem.jp'),
('edussye@meetup.com','nplayer7@nbcnews.com'),
('apicardo2@arstechnica.com','amonkhouse8@icq.com'),
('rlantaph1g@booking.com','mlovick9@cnn.com'),
('iweathersm@about.me','tkluliceka@hud.gov'),
('apawlaczyk4w@tinypic.com','erosenbergerb@google.pl'),
('gbrokenbrow2o@t-online.de','bchaddertonc@imageshack.us'),
('cbromilow4k@deliciousdays.com','mpraundld@nasa.gov'),
('ovinson2p@ft.com','lstrappe@wikimedia.org'),
('jlonding4c@china.com.cn','genriquesf@wikispaces.com'),
('cwildes33@printfriendly.com','ajanking@about.com'),
('nghelardoni55@sfgate.com','llutwycheh@yahoo.com'),
('aconstable2q@wisc.edu','dhawksworthi@businessweek.com'),
('ssivill1f@eventbrite.com','bbanthamj@phoca.cz'),
('emoyer1t@latimes.com','ktwiggk@gov.uk'),
('awhitcher1z@geocities.jp','cogavinl@fc2.com'),
('vshefton4n@pagesperso-orange.fr','ewhitakerm@mapquest.com'),
('mthompstone3f@bandcamp.com','jdicarlon@senate.gov'),
('lsloane39@live.com','abevaro@fema.gov'),
('ddozdill9@deviantart.com','rryles0@merriam-webster.com'),
('wpurkess58@marketwatch.com','swilstead1@cmu.edu'),
('bbehling3n@youtu.be','dahern2@globo.com'),
('tjarayj@yahoo.com','ibairstow3@census.gov'),
('bkayes4l@zimbio.com','jbrugh4@epa.gov'),
('jparr3l@typepad.com','wwallwork5@adobe.com'),
('fvon0@baidu.com','ekassman6@jugem.jp'),
('galdren45@gravatar.com','nplayer7@nbcnews.com'),
('hwinsborrow4@hostgator.com','amonkhouse8@icq.com'),
('jriddingb@hp.com','mlovick9@cnn.com'),
('hwellbank2r@dion.ne.jp','tkluliceka@hud.gov');

INSERT INTO ORGANISASI_TERVERIFIKASI(email_organisasi,nomor_registrasi,status_aktif) VALUES
('dahern2@globo.com','10098','tidak aktif'),
('erosenbergerb@google.pl','10086','aktif'),
('abevaro@fema.gov','10077','tidak aktif'),
('nplayer7@nbcnews.com','10080','aktif'),
('tkluliceka@hud.gov','10093','tidak aktif'),
('bchaddertonc@imageshack.us','10061','aktif'),
('bbanthamj@phoca.cz','10099','aktif'),
('dhawksworthi@businessweek.com','10100','aktif'),
('llutwycheh@yahoo.com','10081','aktif'),
('jdicarlon@senate.gov','10072','aktif'),
('cogavinl@fc2.com','10105','aktif'),
('rryles0@merriam-webster.com','10069','tidak aktif'),
('genriquesf@wikispaces.com','10060','aktif'),
('mlovick9@cnn.com','10043','aktif'),
('wwallwork5@adobe.com','10094','aktif'),
('ewhitakerm@mapquest.com','10096','aktif'),
('amonkhouse8@icq.com','10068','aktif'),
('ajanking@about.com','10052','tidak aktif'),
('ktwiggk@gov.uk','10091','tidak aktif'),
('mpraundld@nasa.gov','10088','tidak aktif');
INSERT INTO PENILAIAN_PERFORMA(email_relawan,organisasi,id,deskripsi,tgl_penilaian,nilai_skala) VALUES
('kbartoliniz@domainmarket.com','dahern2@globo.com',160059,'sangat aktif','10/01/2004',4),
('bdandy3s@arstechnica.com','erosenbergerb@google.pl',160271,'cukup aktif','09/10/2005',2),
('cnys3z@reference.com','abevaro@fema.gov',160274,'cukup aktif','25/04/2004',2),
('mivanuschka49@epa.gov','nplayer7@nbcnews.com',160070,'kurang aktif','24/03/2013',4),
('skohrsen34@topsy.com','tkluliceka@hud.gov',160119,'cukup aktif','21/10/2004',4),
('kreeveleyq@thetimes.co.uk','bchaddertonc@imageshack.us',160277,'sangat aktif','19/03/2008',4),
('cohogertie4e@washingtonpost.com','bbanthamj@phoca.cz',160004,'aktif','06/07/2008',3),
('tlomis7@a8.net','dhawksworthi@businessweek.com',160186,'aktif','12/03/2005',1),
('econre2b@google.es','llutwycheh@yahoo.com',160177,'aktif','16/07/2004',2),
('dcoulter2k@illinois.edu','jdicarlon@senate.gov',160040,'sangat aktif','10/03/2007',2),
('bverlander3d@delicious.com','cogavinl@fc2.com',160130,'sangat aktif','12/01/2016',3),
('mmayhead5j@networkadvertising.org','rryles0@merriam-webster.com',160035,'cukup aktif','17/03/2007',1),
('nrizzotto5b@ihg.com','genriquesf@wikispaces.com',160058,'kurang aktif','02/12/2013',2),
('ahordle56@over-blog.com','mlovick9@cnn.com',160023,'kurang aktif','28/03/2005',3),
('aertel2t@mozilla.org','wwallwork5@adobe.com',160021,'cukup aktif','06/08/2016',4),
('gveare4j@edublogs.org','ewhitakerm@mapquest.com',160037,'cukup aktif','17/12/2003',2),
('cvail3x@psu.edu','amonkhouse8@icq.com',160095,'sangat aktif','17/12/2017',3),
('cboards4s@sourceforge.net','ajanking@about.com',160133,'aktif','07/12/2010',1),
('cgladding29@hubpages.com','ktwiggk@gov.uk',160228,'cukup aktif','22/07/2013',3),
('aphilott4v@imageshack.us','mpraundld@nasa.gov',160166,'sangat aktif','12/09/2013',2),
('rbasshamc@wufoo.com','dahern2@globo.com',160164,'cukup aktif','30/10/2012',3),
('edussye@meetup.com','erosenbergerb@google.pl',160064,'aktif','16/04/2018',3),
('apicardo2@arstechnica.com','abevaro@fema.gov',160004,'cukup aktif','02/03/2006',2),
('rlantaph1g@booking.com','nplayer7@nbcnews.com',160290,'cukup aktif','10/02/2004',2),
('iweathersm@about.me','tkluliceka@hud.gov',160061,'cukup aktif','18/03/2012',4),
('apawlaczyk4w@tinypic.com','bchaddertonc@imageshack.us',160280,'aktif','22/12/2012',3),
('gbrokenbrow2o@t-online.de','bbanthamj@phoca.cz',160007,'kurang aktif','11/11/2005',2),
('cbromilow4k@deliciousdays.com','dhawksworthi@businessweek.com',160045,'kurang aktif','24/12/2016',2),
('ovinson2p@ft.com','llutwycheh@yahoo.com',160243,'aktif','18/04/2013',2),
('jlonding4c@china.com.cn','jdicarlon@senate.gov',160137,'cukup aktif','25/05/2006',3),
('cwildes33@printfriendly.com','cogavinl@fc2.com',160161,'sangat aktif','10/09/2008',4),
('nghelardoni55@sfgate.com','rryles0@merriam-webster.com',160241,'cukup aktif','14/05/2004',1),
('aconstable2q@wisc.edu','genriquesf@wikispaces.com',160134,'cukup aktif','16/10/2011',2),
('ssivill1f@eventbrite.com','mlovick9@cnn.com',160204,'aktif','25/01/2016',1),
('emoyer1t@latimes.com','wwallwork5@adobe.com',160188,'kurang aktif','23/11/2004',2),
('awhitcher1z@geocities.jp','ewhitakerm@mapquest.com',160094,'sangat aktif','15/07/2007',1),
('vshefton4n@pagesperso-orange.fr','amonkhouse8@icq.com',160134,'kurang aktif','11/09/2007',2),
('mthompstone3f@bandcamp.com','ajanking@about.com',160186,'cukup aktif','12/01/2004',3),
('lsloane39@live.com','ktwiggk@gov.uk',160253,'cukup aktif','02/07/2005',3),
('ddozdill9@deviantart.com','mpraundld@nasa.gov',160052,'cukup aktif','31/05/2009',2),
('wpurkess58@marketwatch.com','dahern2@globo.com',160117,'aktif','08/07/2010',2),
('bbehling3n@youtu.be','erosenbergerb@google.pl',160158,'sangat aktif','06/07/2009',3),
('tjarayj@yahoo.com','abevaro@fema.gov',160053,'kurang aktif','18/05/2013',3),
('bkayes4l@zimbio.com','nplayer7@nbcnews.com',160063,'sangat aktif','05/12/2014',1),
('jparr3l@typepad.com','tkluliceka@hud.gov',160243,'kurang aktif','23/10/2016',3),
('fvon0@baidu.com','bchaddertonc@imageshack.us',160105,'sangat aktif','02/03/2007',1),
('galdren45@gravatar.com','bbanthamj@phoca.cz',160288,'aktif','17/08/2013',2),
('hwinsborrow4@hostgator.com','dhawksworthi@businessweek.com',160126,'aktif','09/10/2010',2),
('jriddingb@hp.com','llutwycheh@yahoo.com',160030,'sangat aktif','22/10/2008',1),
('hwellbank2r@dion.ne.jp','jdicarlon@senate.gov',160124,'kurang aktif','11/08/2005',1);

INSERT INTO SPONSOR_ORGANISASI(sponsor,organisasi,tanggal,nominal) VALUES
('wmanagh2z@toplist.cz','dahern2@globo.com','10/11/2010',98265),
('atoffanelli44@senate.gov','erosenbergerb@google.pl','04/06/2010',81932),
('ssmales1@yahoo.com','abevaro@fema.gov','07/07/1991',59875),
('gcurnnokks@unicef.org','nplayer7@nbcnews.com','30/08/1991',93462),
('cparriss2a@gravatar.com','tkluliceka@hud.gov','04/11/2003',81618),
('mskipsea2c@photobucket.com','dahern2@globo.com','21/08/2013',55257),
('jcardinale4i@wunderground.com','bbanthamj@phoca.cz','20/01/1999',74289),
('lkarpf1q@weibo.com','cogavinl@fc2.com','27/03/1999',97443),
('crummins3p@eepurl.com','llutwycheh@yahoo.com','13/04/2007',65843),
('ddozdill9@deviantart.com','jdicarlon@senate.gov','24/11/2016',73246),
('cduns3@hud.gov','cogavinl@fc2.com','30/08/2003',62541),
('tjarayj@yahoo.com','rryles0@merriam-webster.com','27/04/2009',69399),
('ssivill1f@eventbrite.com','genriquesf@wikispaces.com','21/09/2002',70747),
('bdandy3s@arstechnica.com','mlovick9@cnn.com','15/07/2007',92441),
('msimonin3q@homestead.com','wwallwork5@adobe.com','03/03/2005',92549);

INSERT INTO DONATUR_KEGIATAN(donatur,kegiatan,tanggal,nominal) VALUES
('bedony@posterous.com','1010045','17/12/2005',16781),
('lconey5g@si.edu','1010312','28/06/2005',65652),
('nkempshall2n@google.com.hk','1010473','07/04/2005',68348),
('plurnerl@google.pl','1010328','26/02/2005',38683),
('mfinding53@google.cn','1010776','02/02/2005',58425),
('kfishpoole2u@chron.com','1010523','20/08/2004',53198),
('wbenedetti3j@hubpages.com','1010025','14/07/2005',52562),
('ssmales1@yahoo.com','1010045','11/02/2006',22805),
('eaprahamian3k@ustream.tv','1010900','17/11/2005',12930),
('fvon0@baidu.com','1010472','07/02/2005',36724),
('mlawther1j@nasa.gov','1010616','23/07/2004',67649),
('cbromilow4k@deliciousdays.com','1010563','09/04/2006',23625),
('ctavner1x@salon.com','1010530','17/11/2004',35469),
('fcapelle25@cafepress.com','1010240','13/11/2004',69053),
('lsloane39@live.com','1010356','11/06/2004',33521),
('vlomax11@1688.com','1010009','27/09/2005',18290),
('rmarlen5@ucoz.ru','1010365','08/10/2004',48523),
('bjoynerw@godaddy.com','1010667','12/03/2006',58731),
('gferreras3e@irs.gov','1010417','01/09/2004',52911),
('pcambling24@nsw.gov.au','1010540','30/04/2005',52106),
('lmccrystal5c@guardian.co.uk','1010289','01/09/2004',11529),
('wduham2f@home.pl','1010605','08/10/2005',41866),
('scrayker40@hatena.ne.jp','1010726','31/05/2005',18644),
('pchippindall41@earthlink.net','1010600','16/09/2004',21867),
('ovinson2p@ft.com','1010040','01/05/2005',16342);