INSERT INTO DONATUR_ORGANISASI(donatur,organisasi,tanggal,nominal) VALUES
 ('bedony@posterous.com','dahern2@globo.com','6/19/2017','40688')
,('lconey5g@si.edu','erosenbergerb@google.pl','3/1/2007','59381')
,('nkempshall2n@google.com.hk','abevaro@fema.gov','12/30/1997','45942')
,('plurnerl@google.pl','nplayer7@nbcnews.com','6/11/2013','34890')
,('mfinding53@google.cn','tkluliceka@hud.gov','8/22/2005','37448')
,('kfishpoole2u@chron.com','bchaddertonc@imageshack.us','4/20/1999','20843')
,('wbenedetti3j@hubpages.com','bbanthamj@phoca.cz','2/4/2001','26111')
,('ssmales1@yahoo.com','dhawksworthi@businessweek.com','9/29/2007','15230')
,('eaprahamian3k@ustream.tv','llutwycheh@yahoo.com','2/11/2005','12852')
,('fvon0@baidu.com','jdicarlon@senate.gov','4/15/1996','29414')
,('mlawther1j@nasa.gov','cogavinl@fc2.com','1/3/2003','65585')
,('cbromilow4k@deliciousdays.com','rryles0@merriam-webster.com','7/4/2010','48244')
,('ctavner1x@salon.com','genriquesf@wikispaces.com','7/10/1999','43413')
,('fcapelle25@cafepress.com','ajanking@about.com','5/2/2012','69249')
,('lsloane39@live.com','ktwiggk@gov.uk','8/9/2011','20893');

INSERT INTO KEGIATAN(kode_unik,organisasi_perancang,judul,dana_dibutuhkan,tanggal_mulai,tanggal_selesai,deskripsi) VALUES
 (1010045,'rryles0@merriam-webster.com','Visitors',75751,'10/19/2006','3/19/2010','Health')
,(1010530,'dahern2@globo.com','McCabe & Mrs. Miller',13903,'6/10/2007','2/5/2011','Beauty')
,(1010472,'dahern2@globo.com','My Boss''s Daughter',25009,'2/15/2008','4/14/2010','Movies')
,(1010600,'llutwycheh@yahoo.com','''R Xmas',90885,'12/6/2006','7/16/2010','Computers')
,(1010417,'jdicarlon@senate.gov','Taking Chance',55642,'4/24/2006','7/30/2009','Books')
,(1010182,'jdicarlon@senate.gov','Roads to Koktebel',87380,'8/17/2006','3/25/2010','Home')
,(1010024,'ktwiggk@gov.uk','Mother and Child',87532,'11/13/2006','3/8/2010','Games')
,(1010931,'ajanking@about.com','Secret',14010,'8/28/2007','5/19/2010','Music')
,(1010405,'rryles0@merriam-webster.com','Frankenfish',42519,'1/5/2007','6/1/2009','Health')
,(1010968,'mlovick9@cnn.com','Teenage Caveman',31407,'2/26/2007','5/22/2010','Toys')
,(1010624,'tkluliceka@hud.gov','Trials of Henry Kissinger',45719,'12/28/2006','1/16/2010','Kids')
,(1010443,'dahern2@globo.com','Joyful Noise',66440,'4/12/2008','5/2/2010','Clothing')
,(1010746,'mlovick9@cnn.com','For Ever Mozart',61434,'12/28/2007','1/10/2011','Shoes')
,(1010540,'genriquesf@wikispaces.com','Peanuts',87713,'12/1/2006','12/16/2010','Electronics')
,(1010111,'nplayer7@nbcnews.com','Harley Davidson',88252,'9/7/2007','12/20/2010','Health')
,(1010187,'dahern2@globo.com','Rainmaker, The',99786,'12/18/2006','8/13/2010','Grocery')
,(1010838,'tkluliceka@hud.gov','Frozen, The',81992,'5/17/2007','11/3/2009','Sports')
,(1010563,'dahern2@globo.com','That Lady in Ermine',33471,'3/10/2008','7/20/2010','Tools')
,(1010496,'tkluliceka@hud.gov','The Improv',88743,'9/24/2007','6/27/2010','Clothing')
,(1010020,'dahern2@globo.com','It''s Alive',63534,'10/4/2007','5/27/2010','Movies')
,(1010648,'llutwycheh@yahoo.com','Pope of Greenwich Village',35648,'3/8/2008','2/17/2011','Shoes')
,(1010736,'cogavinl@fc2.com','10 MPH',43623,'10/6/2007','6/13/2009','Games')
,(1010959,'ajanking@about.com','Moving the Mountain',99883,'2/21/2008','7/23/2009','Electronics')
,(1010473,'cogavinl@fc2.com','Cheyenne Autumn',64767,'12/30/2007','9/3/2010','Grocery')
,(1010077,'abevaro@fema.gov','Solas',71957,'11/23/2006','3/17/2011','Movies')
,(1010273,'mpraundld@nasa.gov','Forger, The',81456,'4/10/2007','5/1/2009','Home')
,(1010317,'llutwycheh@yahoo.com','Of Gods and Men',91522,'11/15/2007','11/20/2009','Books')
,(1010937,'mpraundld@nasa.gov','Iceman',90553,'11/1/2007','5/18/2010','Home')
,(1010852,'genriquesf@wikispaces.com','F/X',43084,'9/7/2007','10/22/2010','Health')
,(1010217,'mpraundld@nasa.gov','Taken',84545,'4/28/2007','2/8/2010','Kids')
,(1010998,'rryles0@merriam-webster.com','Olsen Gang',79917,'3/1/2008','6/21/2009','Sports')
,(1010802,'abevaro@fema.gov','Craig Ferguson',76407,'1/27/2008','2/19/2010','Outdoors')
,(1010025,'jdicarlon@senate.gov','Reluctant Debutante',24829,'12/13/2007','1/1/2011','Jewelery')
,(1010064,'rryles0@merriam-webster.com','Untamed Youth',45188,'2/14/2007','10/14/2010','Computers')
,(1010478,'ewhitakerm@mapquest.com','Passion in the Desert',82305,'11/18/2006','5/1/2009','Computers')
,(1010909,'nplayer7@nbcnews.com','Bridesmaid',10352,'9/3/2007','4/7/2011','Industrial')
,(1010667,'wwallwork5@adobe.com','Vodka Lemon',33178,'9/27/2007','4/9/2010','Books')
,(1010615,'bbanthamj@phoca.cz','Whistling in the Dark',84805,'2/9/2007','6/6/2009','Health')
,(1010239,'ktwiggk@gov.uk','Demetrius',25112,'1/19/2007','7/29/2010','Music')
,(1010595,'llutwycheh@yahoo.com','Volumen',50785,'12/9/2006','11/24/2010','Kids')
,(1010849,'ktwiggk@gov.uk','Breaking Point',62726,'10/26/2006','4/18/2011','Shoes')
,(1010527,'dahern2@globo.com','Last Godfather',11606,'6/19/2007','2/5/2010','Beauty')
,(1010798,'amonkhouse8@icq.com','Chasing Mavericks',49865,'12/10/2007','1/4/2010','Games')
,(1010046,'tkluliceka@hud.gov','Murders in the Zoo',88950,'10/15/2006','9/21/2009','Books')
,(1010880,'ktwiggk@gov.uk','Frosty the Snowman',60442,'11/29/2006','1/15/2011','Beauty')
,(1010511,'tkluliceka@hud.gov','Death in Buenos Aires',11765,'2/17/2008','10/27/2010','Tools')
,(1011111,'dhawksworthi@businessweek.com','Trinity: Gambling',10614,'5/26/2006','9/7/2009','Shoes')
,(1010040,'ktwiggk@gov.uk','Silence',96890,'11/7/2006','6/21/2009','Tools')
,(1010444,'mpraundld@nasa.gov','Dinner for One',31164,'5/14/2007','7/20/2009','Kids')
,(1010893,'wwallwork5@adobe.com','Great Bank Hoax, The',59355,'7/25/2006','7/28/2009','Tools')
,(1010745,'dahern2@globo.com','Killing Zoe',62044,'6/25/2007','5/6/2009','Sports')
,(1010248,'abevaro@fema.gov','Werner',19986,'4/9/2007','1/11/2011','Movies')
,(1010246,'abevaro@fema.gov','Trials of Cate McCall',54524,'2/14/2007','8/22/2009','Kids')
,(1010860,'genriquesf@wikispaces.com','Shadow Kill',12888,'11/13/2007','8/14/2009','Music')
,(1010523,'mpraundld@nasa.gov','Splash',43864,'12/6/2006','1/11/2011','Shoes')
,(1010479,'tkluliceka@hud.gov','Death Machine',99185,'5/17/2007','11/29/2010','Sports')
,(1010051,'cogavinl@fc2.com','Mental',87356,'7/29/2006','2/27/2011','Home')
,(1010812,'nplayer7@nbcnews.com','Rite, The',92637,'1/6/2007','4/19/2011','Kids')
,(1010234,'tkluliceka@hud.gov','Uprise',57804,'11/28/2007','9/7/2009','Computers')
,(1010356,'nplayer7@nbcnews.com','Loose Change 9/11',26495,'6/28/2006','9/28/2010','Shoes')
,(1010846,'genriquesf@wikispaces.com','Babymother',41296,'8/10/2006','6/15/2009','Sports')
,(1010934,'wwallwork5@adobe.com','Eaten Alive',66412,'2/22/2007','9/24/2009','Grocery')
,(1010953,'abevaro@fema.gov','Red Canyon',72605,'2/8/2008','12/23/2009','Shoes')
,(1010810,'dahern2@globo.com','Satan Never Sleeps',65031,'10/22/2006','1/14/2010','Music')
,(1010289,'tkluliceka@hud.gov','Two Ninas',21009,'1/26/2007','8/13/2010','Computers')
,(1010740,'ewhitakerm@mapquest.com','Lost in Beijing',56288,'9/13/2007','4/29/2010','Jewelery')
,(1010240,'rryles0@merriam-webster.com','The Road to Glory',65025,'9/29/2006','11/21/2010','Kids')
,(1010839,'erosenbergerb@google.pl','Greenberg',63750,'6/2/2007','3/20/2011','Garden')
,(1010900,'dhawksworthi@businessweek.com','Calle 54',88382,'5/6/2007','3/25/2011','Automotive')
,(1010235,'tkluliceka@hud.gov','Two Drifters',56081,'6/25/2006','5/6/2010','Automotive')
,(1010122,'wwallwork5@adobe.com','Jesse Stone',10032,'10/12/2007','10/15/2009','Garden')
,(1010774,'tkluliceka@hud.gov','Lentsu',50268,'7/1/2006','10/8/2009','Music')
,(1010988,'cogavinl@fc2.com','Triple Cross',95161,'10/16/2007','3/29/2011','Home')
,(1010192,'ktwiggk@gov.uk','Confess',59841,'3/22/2007','7/22/2009','Beauty')
,(1010541,'ajanking@about.com','Dolce Vita, La',28553,'11/21/2007','1/27/2010','Jewelery')
,(1010726,'amonkhouse8@icq.com','Natural, The',70537,'4/9/2008','8/30/2009','Sports')
,(1010328,'nplayer7@nbcnews.com','Taming of the Shrew',32220,'2/2/2007','11/3/2009','Kids')
,(1010100,'nplayer7@nbcnews.com','Barber, The',38225,'3/6/2007','3/15/2011','Sports')
,(1010829,'rryles0@merriam-webster.com','Last Will',11286,'10/5/2007','6/5/2010','Tools')
,(1010411,'cogavinl@fc2.com','Madagascar Skin',60726,'11/30/2006','2/13/2010','Automotive')
,(1010334,'genriquesf@wikispaces.com','Thomas And Friends',28432,'12/15/2007','11/3/2009','Kids')
,(1010616,'cogavinl@fc2.com','Age of the Dragons',24529,'1/28/2008','9/20/2009','Jewelery')
,(1010997,'tkluliceka@hud.gov','Frozen Hell',34560,'8/1/2007','7/11/2010','Health')
,(1010702,'cogavinl@fc2.com','Broken Windows',57541,'9/12/2006','1/19/2011','Beauty')
,(1010009,'wwallwork5@adobe.com','Never on Sunday',17381,'10/15/2006','5/31/2009','Shoes')
,(1010768,'mlovick9@cnn.com','3 Women',35276,'2/25/2008','3/26/2010','Tools')
,(1010312,'bchaddertonc@imageshack.us','Disappearance',90804,'11/13/2006','4/15/2011','Baby')
,(1010003,'abevaro@fema.gov','29 Palms',94436,'11/21/2006','3/20/2011','Movies')
,(1010776,'ajanking@about.com','Fantomas',42204,'10/27/2007','6/14/2010','Outdoors')
,(1010881,'jdicarlon@senate.gov','Boomerang',83357,'10/7/2007','8/2/2009','Grocery')
,(1010814,'dhawksworthi@businessweek.com','All is Bright',13359,'1/14/2007','3/5/2011','Music')
,(1010819,'jdicarlon@senate.gov','Swimming Pool',70461,'12/22/2007','7/6/2010','Kids')
,(1010288,'mlovick9@cnn.com','Alexandra',85385,'12/31/2006','9/21/2009','Clothing')
,(1010605,'bbanthamj@phoca.cz','Shadow, The',59834,'4/7/2007','12/30/2009','Outdoors')
,(1010089,'ajanking@about.com','Panama Hattie',39824,'5/27/2007','6/10/2010','Industrial')
,(1010958,'nplayer7@nbcnews.com','Cats Don''t Dance',75859,'6/8/2007','7/3/2009','Books')
,(1010365,'amonkhouse8@icq.com','Ice Station Zebra',39633,'11/16/2006','6/2/2009','Electronics')
,(1010844,'tkluliceka@hud.gov','If Winter Comes',71894,'8/20/2007','1/31/2010','Shoes')
,(1010164,'abevaro@fema.gov','Long Kiss Goodnight',73169,'6/18/2006','6/8/2010','Clothing')
,(1010529,'abevaro@fema.gov','Scooby-Doo!',11900,'2/25/2008','2/21/2010','Beauty');


INSERT INTO KATEGORI(kode,nama) VALUES
 (2,'Light Green')
,(97,'Dark')
,(48,'Light Yellow')
,(4,'Crimson')
,(74,'Yellow')
,(96,'Light Blue')
,(44,'Mauv')
,(59,'Dark Violet')
,(6,'Pink')
,(65,'Light Orange')
,(57,'Dark Indigo')
,(51,'Red')
,(58,'Khaki')
,(35,'Indigo')
,(20,'Blue')
,(36,'Purple')
,(79,'Violet')
,(82,'Dark Brown')
,(67,'Grey')
,(68,'Black')
,(19,'Light Turquoise')
,(60,'Orange')
,(77,'Goldenrod')
,(40,'Turquoise')
,(75,'Green');

INSERT INTO KATEGORI_KEGIATAN(kode_kegiatan,kode_kategori) VALUES
 (1010122,'75')
,(1010846,'57')
,(1010998,'35')
,(1010844,'48')
,(1011111,'68')
,(1010234,'97')
,(1010051,'77')
,(1010217,'58')
,(1010810,'65')
,(1010273,'60')
,(1010040,'82')
,(1010849,'6')
,(1010881,'74')
,(1010563,'60')
,(1010235,'51')
,(1010909,'67')
,(1010615,'4')
,(1010248,'2')
,(1010988,'44')
,(1010182,'19')
,(1010931,'74')
,(1010988,'36')
,(1010235,'20')
,(1010496,'59')
,(1010289,'79');

INSERT INTO REWARD(kode_kegiatan,barang_reward,harga_min,harga_max) VALUES
 (1010164,'X6',7167,38720)
,(1010288,'Odyssey',7317,27068)
,(1010444,'Ipsum',9573,36012)
,(1010968,'Soul',7208,31442)
,(1010893,'GS',6750,42170)
,(1010040,'Versa',8769,34960)
,(1010909,'TT',9949,26612)
,(1010988,'Soul',9089,27140)
,(1010187,'Grand Prix',8633,25907)
,(1010959,'Phantom',5455,44579)
,(1010289,'Lamborghini',6617,34803)
,(1010472,'Jetta',8463,48132)
,(1010478,'Ipsum',8232,36674)
,(1010860,'Lanos',8993,31543)
,(1010478,'Metro',6620,36932)
,(1010111,'Bang Bang',9002,26552)
,(1010317,'XK Series',8995,36738)
,(1010111,'SLR McLaren',8586,46537)
,(1010187,'Tucson',7890,28785)
,(1010881,'Highlander',6585,36756)
,(1010417,'Sierra 1500',7870,43720)
,(1010740,'Sunbird',6708,33416)
,(1010443,'GTI',7915,31971)
,(1010616,'Explorer Sport Trac',5312,41139)
,(1010774,'Cruiser',8949,42425)
,(1010478,'Tim Tam',5649,28179)
,(1010810,'Rogue',6702,45268)
,(1010880,'W201',7615,37608)
,(1010246,'V50',6495,30045)
,(1010025,'Tundra',9222,48123)
,(1010893,'Outback',5597,42368)
,(1010288,'rio',5656,42648)
,(1010819,'E-Series',9576,27438)
,(1010624,'Riviera',9471,29118)
,(1010187,'Accent',8478,33204)
,(1010479,'S60',6118,37235)
,(1010511,'XL7',7469,29345)
,(1010111,'Sierra 3500',9347,27473)
,(1010024,'Sierra 2500',5930,48920)
,(1011111,'M5',9572,27861)
,(1010819,'XJ Series',9630,47183)
,(1010648,'Nugget',8936,45641)
,(1010600,'Ice Cream',5200,32740)
,(1010844,'Expedition EL',6303,39878)
,(1010003,'9-7X',8440,47977)
,(1010860,'Routan',9362,25497)
,(1010726,'RAV4',6257,49455)
,(1010496,'Econoline E250',5529,49604)
,(1010020,'Golf',7789,28746)
,(1010100,'STS-V',9654,43810);

